product_name,country_code,orders,refunds,refund_rate_pct,gross_revenue_usd,refunded_revenue_usd,net_revenue_usd,refunded_revenue_pct
Apple Airpods Headphones,US,22583,1298.0,5.75,3739611.18,215442.03,3524169.15,5.76
Apple Airpods Headphones,GB,3827,334.0,8.73,661625.78,58950.63,602675.15,8.91
Apple Airpods Headphones,JP,1148,33.0,2.87,169918.76,5129.65,164789.11,3.02
Apple Airpods Headphones,CL,239,7.0,2.93,39837.81,1176.0,38661.81,2.95
Samsung Charging Cable Pack,FR,384,4.0,1.04,7863.94,87.23,7776.71,1.11
ThinkPad Laptop,IL,31,6.0,19.35,38640.41,7423.4,31217.01,19.21
Apple Airpods Headphones,RU,257,24.0,9.34,39310.85,3602.14,35708.71,9.16
27in 4K gaming monitor,EG,45,2.0,4.44,19648.63,960.0,18688.63,4.89
Apple Airpods Headphones,NO,320,10.0,3.13,49740.61,1487.71,48252.9,2.99
Apple Airpods Headphones,SA,58,0.0,0.0,9600.63,0.0,9600.63,0.0
Samsung Webcam,IE,68,3.0,4.41,3694.6,149.21,3545.39,4.04
Macbook Air Laptop,IT,46,2.0,4.35,78141.31,3568.04,74573.27,4.57
27in 4K gaming monitor,MK,7,2.0,28.57,3214.9,960.0,2254.9,29.86
Samsung Charging Cable Pack,MX,385,2.0,0.52,6182.43,27.59,6154.84,0.45
Macbook Air Laptop,TR,49,3.0,6.12,19586.52,1799.46,17787.06,9.19
ThinkPad Laptop,FI,12,0.0,0.0,12846.35,0.0,12846.35,0.0
27in 4K gaming monitor,PS,4,0.0,0.0,1752.0,0.0,1752.0,0.0
Samsung Charging Cable Pack,EC,21,0.0,0.0,408.06,0.0,408.06,0.0
27in 4K gaming monitor,AR,89,7.0,7.87,39273.25,2931.6,36341.65,7.46
Apple Airpods Headphones,IS,47,0.0,0.0,7831.01,0.0,7831.01,0.0
Samsung Charging Cable Pack,GR,59,0.0,0.0,1255.5,0.0,1255.5,0.0
Apple Airpods Headphones,HU,105,3.0,2.86,17455.45,504.0,16951.45,2.89
ThinkPad Laptop,IT,41,3.0,7.32,43859.41,3326.52,40532.89,7.58
Samsung Webcam,ES,129,8.0,6.2,7105.21,446.15,6659.06,6.28
Samsung Charging Cable Pack,PT,129,5.0,3.88,2413.82,103.46,2310.36,4.29
ThinkPad Laptop,MT,2,0.0,0.0,2123.92,0.0,2123.92,0.0
Apple Airpods Headphones,SI,38,3.0,7.89,5697.04,436.84,5260.2,7.67
Samsung Charging Cable Pack,GL,5,0.0,0.0,108.95,0.0,108.95,0.0
Macbook Air Laptop,BE,23,2.0,8.7,38072.27,3463.92,34608.35,9.1
ThinkPad Laptop,TR,34,2.0,5.88,11036.13,776.46,10259.67,7.04
Apple Airpods Headphones,CO,176,7.0,3.98,29107.51,1176.0,27931.51,4.04
ThinkPad Laptop,DE,95,3.0,3.16,99611.63,3206.34,96405.29,3.22
Apple Airpods Headphones,MY,62,0.0,0.0,10201.08,0.0,10201.08,0.0
Apple iPhone,RS,1,0.0,0.0,798.0,0.0,798.0,0.0
Samsung Webcam,TH,14,0.0,0.0,685.65,0.0,685.65,0.0
Samsung Charging Cable Pack,NI,9,0.0,0.0,194.06,0.0,194.06,0.0
Macbook Air Laptop,DE,148,19.0,12.84,254281.46,32133.39,222148.07,12.64
Samsung Charging Cable Pack,ID,6,0.0,0.0,135.02,0.0,135.02,0.0
Samsung Charging Cable Pack,NZ,134,5.0,3.73,2724.19,108.74,2615.45,3.99
27in 4K gaming monitor,VN,22,2.0,9.09,9791.73,960.0,8831.73,9.8
ThinkPad Laptop,BE,22,2.0,9.09,23621.03,2176.19,21444.84,9.21
Samsung Webcam,PH,13,0.0,0.0,661.93,0.0,661.93,0.0
Samsung Charging Cable Pack,EE,16,0.0,0.0,347.8,0.0,347.8,0.0
Apple Airpods Headphones,AZ,11,1.0,9.09,1820.06,142.46,1677.6,7.83
Macbook Air Laptop,IL,12,0.0,0.0,19853.3,0.0,19853.3,0.0
Macbook Air Laptop,HN,1,0.0,0.0,1211.88,0.0,1211.88,0.0
Apple Airpods Headphones,PR,52,2.0,3.85,8718.54,336.0,8382.54,3.85
Apple Airpods Headphones,TJ,1,0.0,0.0,119.75,0.0,119.75,0.0
Macbook Air Laptop,KE,2,0.0,0.0,3330.0,0.0,3330.0,0.0
Apple Airpods Headphones,JM,18,2.0,11.11,3024.0,336.0,2688.0,11.11
Samsung Charging Cable Pack,CR,24,1.0,4.17,498.88,24.0,474.88,4.81
Samsung Charging Cable Pack,GH,6,0.0,0.0,143.03,0.0,143.03,0.0
27in 4K gaming monitor,KW,8,0.0,0.0,3760.02,0.0,3760.02,0.0
ThinkPad Laptop,AL,1,0.0,0.0,1198.0,0.0,1198.0,0.0
Samsung Charging Cable Pack,NP,1,0.0,0.0,24.0,0.0,24.0,0.0
Samsung Webcam,IN,70,4.0,5.71,3687.17,210.24,3476.93,5.7
27in 4K gaming monitor,IM,4,0.0,0.0,1772.71,0.0,1772.71,0.0
Apple iPhone,BO,2,1.0,50.0,1476.3,798.0,678.3,54.05
Apple Airpods Headphones,HR,39,2.0,5.13,6362.99,336.0,6026.99,5.28
Apple Airpods Headphones,VE,13,1.0,7.69,2046.28,168.0,1878.28,8.21
27in 4K gaming monitor,RS,13,1.0,7.69,5796.95,480.0,5316.95,8.28
27in 4K gaming monitor,QA,10,0.0,0.0,4699.38,0.0,4699.38,0.0
Samsung Charging Cable Pack,LT,23,0.0,0.0,531.41,0.0,531.41,0.0
Samsung Webcam,AT,8,0.0,0.0,400.4,0.0,400.4,0.0
27in 4K gaming monitor,RE,2,0.0,0.0,815.94,0.0,815.94,0.0
27in 4K gaming monitor,BD,15,0.0,0.0,6584.68,0.0,6584.68,0.0
27in 4K gaming monitor,BO,7,0.0,0.0,2868.4,0.0,2868.4,0.0
Apple Airpods Headphones,TZ,7,0.0,0.0,1154.38,0.0,1154.38,0.0
Macbook Air Laptop,FI,26,2.0,7.69,44148.6,3736.75,40411.85,8.46
Macbook Air Laptop,DO,3,1.0,33.33,5400.0,1800.0,3600.0,33.33
Apple iPhone,AR,2,0.0,0.0,599.16,0.0,599.16,0.0
Samsung Webcam,OM,1,0.0,0.0,49.98,0.0,49.98,0.0
ThinkPad Laptop,HN,2,0.0,0.0,2073.5,0.0,2073.5,0.0
Apple Airpods Headphones,SO,8,0.0,0.0,1344.0,0.0,1344.0,0.0
27in 4K gaming monitor,GU,1,0.0,0.0,480.0,0.0,480.0,0.0
Samsung Webcam,SK,2,0.0,0.0,110.06,0.0,110.06,0.0
27in 4K gaming monitor,,7,0.0,0.0,2957.54,0.0,2957.54,0.0
Samsung Charging Cable Pack,MN,4,0.0,0.0,96.98,0.0,96.98,0.0
Apple Airpods Headphones,KH,7,0.0,0.0,1199.57,0.0,1199.57,0.0
27in 4K gaming monitor,UY,10,0.0,0.0,4810.76,0.0,4810.76,0.0
Apple iPhone,QA,1,0.0,0.0,798.0,0.0,798.0,0.0
Macbook Air Laptop,PF,1,0.0,0.0,1800.0,0.0,1800.0,0.0
Apple Airpods Headphones,MD,3,1.0,33.33,504.0,168.0,336.0,33.33
Apple Airpods Headphones,BM,2,0.0,0.0,336.0,0.0,336.0,0.0
Samsung Webcam,KR,10,1.0,10.0,503.85,57.18,446.67,11.35
Samsung Webcam,LU,1,0.0,0.0,59.56,0.0,59.56,0.0
27in 4K gaming monitor,PY,2,0.0,0.0,960.0,0.0,960.0,0.0
Samsung Charging Cable Pack,BA,2,0.0,0.0,48.0,0.0,48.0,0.0
Samsung Webcam,BN,1,0.0,0.0,49.98,0.0,49.98,0.0
bose soundsport headphones,UA,3,0.0,0.0,319.52,0.0,319.52,0.0
27in 4K gaming monitor,SL,1,0.0,0.0,480.0,0.0,480.0,0.0
Samsung Webcam,CY,1,0.0,0.0,64.37,0.0,64.37,0.0
27in 4K gaming monitor,JE,2,0.0,0.0,930.08,0.0,930.08,0.0
Samsung Webcam,AO,1,0.0,0.0,49.98,0.0,49.98,0.0
Macbook Air Laptop,UG,1,0.0,0.0,1800.0,0.0,1800.0,0.0
Apple iPhone,UY,1,0.0,0.0,798.0,0.0,798.0,0.0
Samsung Charging Cable Pack,US,10187,120.0,1.18,207470.59,2767.74,204702.85,1.33
Samsung Charging Cable Pack,NO,87,1.0,1.15,1777.08,19.55,1757.53,1.1
Apple Airpods Headphones,MX,608,25.0,4.11,64828.97,2686.4,62142.57,4.14
Samsung Charging Cable Pack,GB,1824,30.0,1.64,42572.39,3029.21,39543.18,7.12
Apple Airpods Headphones,NZ,353,32.0,9.07,58199.48,5376.0,52823.48,9.24
Apple Airpods Headphones,FR,1418,53.0,3.74,216679.16,8185.96,208493.2,3.78
27in 4K gaming monitor,AU,965,59.0,6.11,362866.16,23322.65,339543.51,6.43
ThinkPad Laptop,IN,58,8.0,13.79,66053.88,9016.0,57037.88,13.65
27in 4K gaming monitor,DK,134,6.0,4.48,62536.4,3062.87,59473.53,4.9
Samsung Charging Cable Pack,JP,235,3.0,1.28,4970.57,66.45,4904.12,1.34
Macbook Air Laptop,IE,10,2.0,20.0,18291.56,3795.5,14496.06,20.75
Samsung Webcam,DE,64,1.0,1.56,3508.8,59.56,3449.24,1.7
Apple Airpods Headphones,GR,107,3.0,2.8,16101.58,467.21,15634.37,2.9
Macbook Air Laptop,KR,85,18.0,21.18,122382.21,27988.33,94393.88,22.87
Apple Airpods Headphones,LT,35,1.0,2.86,5666.78,159.6,5507.18,2.82
Samsung Webcam,IL,37,0.0,0.0,1926.2,0.0,1926.2,0.0
Samsung Charging Cable Pack,RU,224,4.0,1.79,4886.76,85.99,4800.77,1.76
27in 4K gaming monitor,CA,1044,88.0,8.43,419090.55,36126.64,382963.91,8.62
Samsung Webcam,FI,15,1.0,6.67,840.83,51.89,788.94,6.17
Samsung Webcam,IT,76,0.0,0.0,4171.91,0.0,4171.91,0.0
Macbook Air Laptop,ES,46,4.0,8.7,77171.24,7413.48,69757.76,9.61
Samsung Charging Cable Pack,CL,199,0.0,0.0,3326.92,0.0,3326.92,0.0
ThinkPad Laptop,KR,42,2.0,4.76,44039.88,1765.39,42274.49,4.01
Macbook Air Laptop,AT,21,2.0,9.52,36457.93,3633.45,32824.48,9.97
ThinkPad Laptop,AT,11,1.0,9.09,11433.52,1103.07,10330.45,9.65
ThinkPad Laptop,ES,45,7.0,15.56,47979.05,7638.19,40340.86,15.92
Macbook Air Laptop,IN,51,10.0,19.61,84110.64,16426.98,67683.66,19.53
ThinkPad Laptop,TH,13,3.0,23.08,15034.9,3354.4,11680.5,22.31
Samsung Charging Cable Pack,CO,120,1.0,0.83,2557.54,24.0,2533.54,0.94
Apple Airpods Headphones,PT,166,7.0,4.22,25210.82,1083.66,24127.16,4.3
Samsung Charging Cable Pack,MY,41,1.0,2.44,827.03,14.37,812.66,1.74
27in 4K gaming monitor,CI,3,0.0,0.0,1200.0,0.0,1200.0,0.0
27in 4K gaming monitor,MA,8,1.0,12.5,3459.78,480.0,2979.78,13.87
Samsung Charging Cable Pack,SA,40,0.0,0.0,873.96,0.0,873.96,0.0
Apple Airpods Headphones,ID,14,2.0,14.29,2318.55,336.0,1982.55,14.49
Samsung Charging Cable Pack,VE,8,0.0,0.0,170.76,0.0,170.76,0.0
Apple Airpods Headphones,EE,38,5.0,13.16,5847.86,780.2,5067.66,13.34
27in 4K gaming monitor,KZ,9,0.0,0.0,4424.52,0.0,4424.52,0.0
Samsung Charging Cable Pack,HR,5,0.0,0.0,120.0,0.0,120.0,0.0
Apple Airpods Headphones,EC,42,0.0,0.0,7029.13,0.0,7029.13,0.0
Apple iPhone,AU,7,1.0,14.29,5225.22,804.43,4420.79,15.4
Samsung Charging Cable Pack,PR,44,0.0,0.0,820.76,0.0,820.76,0.0
Apple Airpods Headphones,PG,4,0.0,0.0,714.53,0.0,714.53,0.0
Samsung Webcam,AL,1,0.0,0.0,49.98,0.0,49.98,0.0
27in 4K gaming monitor,TW,43,0.0,0.0,19750.94,0.0,19750.94,0.0
Apple Airpods Headphones,CR,53,1.0,1.89,8752.8,168.0,8584.8,1.92
27in 4K gaming monitor,MM,6,0.0,0.0,2880.0,0.0,2880.0,0.0
Apple Airpods Headphones,GH,15,0.0,0.0,2486.4,0.0,2486.4,0.0
ThinkPad Laptop,IE,22,1.0,4.55,22372.7,1104.63,21268.07,4.94
Samsung Charging Cable Pack,KH,4,0.0,0.0,65.94,0.0,65.94,0.0
Samsung Charging Cable Pack,HU,46,2.0,4.35,1068.47,44.4,1024.07,4.16
Samsung Webcam,BE,33,2.0,6.06,1772.46,116.14,1656.32,6.55
Apple Airpods Headphones,TG,1,0.0,0.0,168.0,0.0,168.0,0.0
Samsung Charging Cable Pack,SI,17,0.0,0.0,367.88,0.0,367.88,0.0
27in 4K gaming monitor,LB,5,0.0,0.0,2149.74,0.0,2149.74,0.0
Apple Airpods Headphones,GL,5,0.0,0.0,840.0,0.0,840.0,0.0
27in 4K gaming monitor,LK,19,0.0,0.0,8610.74,0.0,8610.74,0.0
Samsung Charging Cable Pack,IS,17,0.0,0.0,391.08,0.0,391.08,0.0
Macbook Air Laptop,SK,9,0.0,0.0,16926.92,0.0,16926.92,0.0
Macbook Air Laptop,LU,1,0.0,0.0,1925.88,0.0,1925.88,0.0
ThinkPad Laptop,PH,11,0.0,0.0,12914.29,0.0,12914.29,0.0
Apple Airpods Headphones,NI,5,0.0,0.0,800.18,0.0,800.18,0.0
Samsung Webcam,DO,6,0.0,0.0,299.88,0.0,299.88,0.0
ThinkPad Laptop,LU,1,0.0,0.0,1039.21,0.0,1039.21,0.0
Apple Airpods Headphones,MN,5,1.0,20.0,812.82,168.0,644.82,20.67
Macbook Air Laptop,TH,12,3.0,25.0,19095.44,5130.0,13965.44,26.87
Samsung Webcam,KE,14,1.0,7.14,385.99,49.98,336.01,12.95
27in 4K gaming monitor,IQ,7,0.0,0.0,2751.04,0.0,2751.04,0.0
Samsung Webcam,TR,16,0.0,0.0,389.11,0.0,389.11,0.0
Macbook Air Laptop,PH,5,0.0,0.0,9000.0,0.0,9000.0,0.0
Apple Airpods Headphones,BA,9,0.0,0.0,1486.8,0.0,1486.8,0.0
Apple Airpods Headphones,IR,2,0.0,0.0,349.92,0.0,349.92,0.0
Samsung Charging Cable Pack,SO,3,0.0,0.0,72.0,0.0,72.0,0.0
Samsung Webcam,HN,2,0.0,0.0,99.96,0.0,99.96,0.0
ThinkPad Laptop,BB,1,0.0,0.0,1198.0,0.0,1198.0,0.0
27in 4K gaming monitor,LV,8,2.0,25.0,3565.16,912.0,2653.16,25.58
ThinkPad Laptop,CY,2,1.0,50.0,2233.99,1216.35,1017.64,54.45
Samsung Charging Cable Pack,CU,1,0.0,0.0,23.59,0.0,23.59,0.0
Macbook Air Laptop,OM,2,0.0,0.0,3600.0,0.0,3600.0,0.0
Apple iPhone,CA,9,2.0,22.22,6231.58,1460.92,4770.66,23.44
27in 4K gaming monitor,BF,2,0.0,0.0,796.6,0.0,796.6,0.0
ThinkPad Laptop,EU,2,0.0,0.0,2254.66,0.0,2254.66,0.0
Macbook Air Laptop,EU,2,0.0,0.0,2452.11,0.0,2452.11,0.0
Samsung Charging Cable Pack,UZ,1,0.0,0.0,24.0,0.0,24.0,0.0
27in 4K gaming monitor,SN,1,0.0,0.0,480.0,0.0,480.0,0.0
Apple Airpods Headphones,NP,4,0.0,0.0,630.0,0.0,630.0,0.0
Samsung Charging Cable Pack,JM,7,0.0,0.0,138.82,0.0,138.82,0.0
Samsung Webcam,MT,2,0.0,0.0,99.87,0.0,99.87,0.0
27in 4K gaming monitor,BY,3,0.0,0.0,1122.82,0.0,1122.82,0.0
Samsung Webcam,MC,1,0.0,0.0,52.59,0.0,52.59,0.0
Macbook Air Laptop,AO,1,1.0,100.0,1800.0,1800.0,0.0,100.0
27in 4K gaming monitor,GG,1,0.0,0.0,481.38,0.0,481.38,0.0
27in 4K gaming monitor,FJ,1,0.0,0.0,480.0,0.0,480.0,0.0
Apple Airpods Headphones,KN,1,1.0,100.0,168.0,168.0,0.0,100.0
Macbook Air Laptop,AD,1,0.0,0.0,1800.0,0.0,1800.0,0.0
Samsung Charging Cable Pack,AZ,2,0.0,0.0,48.0,0.0,48.0,0.0
Apple Airpods Headphones,TL,1,0.0,0.0,145.3,0.0,145.3,0.0
27in 4K gaming monitor,ZM,1,0.0,0.0,480.0,0.0,480.0,0.0
Apple iPhone,DK,3,0.0,0.0,2270.5,0.0,2270.5,0.0
Apple iPhone,BY,1,0.0,0.0,798.0,0.0,798.0,0.0
Macbook Air Laptop,CY,1,0.0,0.0,1823.01,0.0,1823.01,0.0
Samsung Charging Cable Pack,BM,1,0.0,0.0,13.98,0.0,13.98,0.0
27in 4K gaming monitor,YE,1,0.0,0.0,460.26,0.0,460.26,0.0
Samsung Charging Cable Pack,MD,6,0.0,0.0,147.09,0.0,147.09,0.0
Apple Airpods Headphones,NC,2,0.0,0.0,294.0,0.0,294.0,0.0
bose soundsport headphones,AE,1,0.0,0.0,125.25,0.0,125.25,0.0
Samsung Charging Cable Pack,TZ,1,0.0,0.0,13.8,0.0,13.8,0.0
Apple Airpods Headphones,BZ,3,0.0,0.0,504.0,0.0,504.0,0.0
Apple Airpods Headphones,MW,2,2.0,100.0,336.0,336.0,0.0,100.0
27in 4K gaming monitor,GY,3,0.0,0.0,1440.0,0.0,1440.0,0.0
Apple Airpods Headphones,AS,1,0.0,0.0,168.0,0.0,168.0,0.0
ThinkPad Laptop,SK,1,0.0,0.0,1017.64,0.0,1017.64,0.0
Apple Airpods Headphones,PH,100,2.0,2.0,16622.18,336.0,16286.18,2.02
Samsung Webcam,US,3874,98.0,2.53,192431.96,4836.91,187595.05,2.51
27in 4K gaming monitor,CH,241,4.0,1.66,99155.77,1740.18,97415.59,1.75
Samsung Webcam,GB,525,19.0,3.62,31568.9,1177.7,30391.2,3.73
Apple Airpods Headphones,KR,450,27.0,6.0,66302.55,4089.47,62213.08,6.17
Samsung Charging Cable Pack,IT,301,6.0,1.99,6191.85,139.52,6052.33,2.25
Apple Airpods Headphones,AT,283,7.0,2.47,43031.55,1062.94,41968.61,2.47
Apple iPhone,BR,13,0.0,0.0,9338.08,0.0,9338.08,0.0
27in 4K gaming monitor,HK,98,3.0,3.06,43993.92,1440.0,42553.92,3.27
Apple Airpods Headphones,IE,336,19.0,5.65,51384.94,3022.01,48362.93,5.88
Samsung Charging Cable Pack,DE,602,12.0,1.99,12618.88,271.29,12347.59,2.15
Apple Airpods Headphones,ES,1001,55.0,5.49,151719.14,8498.31,143220.83,5.6
Samsung Webcam,NO,32,1.0,3.13,1899.36,59.85,1839.51,3.15
27in 4K gaming monitor,CZ,54,1.0,1.85,24460.98,480.0,23980.98,1.96
27in 4K gaming monitor,BR,517,34.0,6.58,229375.8,16070.16,213305.64,7.01
Macbook Air Laptop,FR,73,4.0,5.48,125570.45,7816.32,117754.13,6.22
Samsung Charging Cable Pack,BE,84,0.0,0.0,1677.0,0.0,1677.0,0.0
Samsung Webcam,CL,141,4.0,2.84,3816.72,195.57,3621.15,5.12
Apple Airpods Headphones,IN,425,23.0,5.41,69058.9,3759.66,65299.24,5.44
Samsung Charging Cable Pack,AL,10,0.0,0.0,226.52,0.0,226.52,0.0
27in 4K gaming monitor,AE,55,6.0,10.91,25306.7,2880.0,22426.7,11.38
27in 4K gaming monitor,PA,20,1.0,5.0,8805.83,480.0,8325.83,5.45
Samsung Webcam,SA,8,0.0,0.0,418.08,0.0,418.08,0.0
27in 4K gaming monitor,CM,5,0.0,0.0,2400.0,0.0,2400.0,0.0
Samsung Charging Cable Pack,IL,83,4.0,4.82,1897.19,99.86,1797.33,5.26
27in 4K gaming monitor,ZA,72,5.0,6.94,33346.78,2400.0,30946.78,7.2
Samsung Webcam,MY,22,1.0,4.55,1172.1,54.42,1117.68,4.64
Samsung Charging Cable Pack,TR,111,1.0,0.9,899.28,7.7,891.58,0.86
Apple Airpods Headphones,BQ,1,0.0,0.0,164.69,0.0,164.69,0.0
Samsung Charging Cable Pack,DO,11,0.0,0.0,224.37,0.0,224.37,0.0
Samsung Charging Cable Pack,FI,52,1.0,1.92,1112.36,22.52,1089.84,2.02
ThinkPad Laptop,FR,63,4.0,6.35,65928.55,3908.43,62020.12,5.93
Apple Airpods Headphones,SK,49,4.0,8.16,7664.99,629.88,7035.11,8.22
Apple Airpods Headphones,AM,1,0.0,0.0,142.8,0.0,142.8,0.0
27in 4K gaming monitor,PL,159,8.0,5.03,56556.38,3131.87,53424.51,5.54
Apple Airpods Headphones,TH,121,5.0,4.13,19886.26,840.0,19046.26,4.22
Samsung Webcam,CO,23,0.0,0.0,1191.47,0.0,1191.47,0.0
Macbook Air Laptop,MX,63,4.0,6.35,66726.19,3646.21,63079.98,5.46
Samsung Charging Cable Pack,ET,1,0.0,0.0,21.85,0.0,21.85,0.0
Apple Airpods Headphones,LU,21,2.0,9.52,3216.45,309.12,2907.33,9.61
Apple Airpods Headphones,EU,7,2.0,28.57,1110.86,336.0,774.86,30.25
Apple Airpods Headphones,OM,9,0.0,0.0,1482.26,0.0,1482.26,0.0
Samsung Charging Cable Pack,HN,6,0.0,0.0,119.16,0.0,119.16,0.0
Samsung Webcam,JP,25,0.0,0.0,1175.42,0.0,1175.42,0.0
Apple Airpods Headphones,CY,28,4.0,14.29,4266.95,597.82,3669.13,14.01
ThinkPad Laptop,MX,45,1.0,2.22,35182.78,696.55,34486.23,1.98
ThinkPad Laptop,PT,6,0.0,0.0,5775.54,0.0,5775.54,0.0
Apple iPhone,CH,2,0.0,0.0,1400.25,0.0,1400.25,0.0
Samsung Webcam,PR,22,1.0,4.55,1099.56,49.98,1049.58,4.55
Macbook Air Laptop,LT,5,0.0,0.0,8460.0,0.0,8460.0,0.0
Macbook Air Laptop,GR,5,1.0,20.0,8492.89,1659.15,6833.74,19.54
Samsung Charging Cable Pack,PF,1,0.0,0.0,14.6,0.0,14.6,0.0
Macbook Air Laptop,PT,18,1.0,5.56,31863.55,1822.42,30041.13,5.72
Samsung Charging Cable Pack,KE,14,0.0,0.0,253.98,0.0,253.98,0.0
ThinkPad Laptop,NZ,17,4.0,23.53,19743.6,4792.0,14951.6,24.27
Samsung Webcam,JM,5,0.0,0.0,190.6,0.0,190.6,0.0
27in 4K gaming monitor,PK,4,0.0,0.0,1800.0,0.0,1800.0,0.0
Apple iPhone,HK,3,0.0,0.0,2194.5,0.0,2194.5,0.0
Macbook Air Laptop,CR,4,1.0,25.0,6781.14,1589.66,5191.48,23.44
Apple iPhone,CZ,2,0.0,0.0,1596.0,0.0,1596.0,0.0
Macbook Air Laptop,NZ,20,0.0,0.0,34239.38,0.0,34239.38,0.0
Samsung Webcam,VE,6,0.0,0.0,249.9,0.0,249.9,0.0
27in 4K gaming monitor,SV,5,0.0,0.0,2074.7,0.0,2074.7,0.0
Samsung Charging Cable Pack,DZ,3,0.0,0.0,62.85,0.0,62.85,0.0
Samsung Webcam,MD,1,0.0,0.0,62.8,0.0,62.8,0.0
bose soundsport headphones,CA,1,0.0,0.0,112.83,0.0,112.83,0.0
ThinkPad Laptop,EE,2,0.0,0.0,2175.93,0.0,2175.93,0.0
Macbook Air Laptop,PG,2,0.0,0.0,2999.22,0.0,2999.22,0.0
Apple iPhone,PA,2,0.0,0.0,1260.0,0.0,1260.0,0.0
Samsung Charging Cable Pack,UG,4,0.0,0.0,85.1,0.0,85.1,0.0
ThinkPad Laptop,EC,3,0.0,0.0,3594.0,0.0,3594.0,0.0
Samsung Webcam,IS,3,0.0,0.0,150.56,0.0,150.56,0.0
Macbook Air Laptop,NP,1,0.0,0.0,1800.0,0.0,1800.0,0.0
ThinkPad Laptop,GR,12,1.0,8.33,10742.81,1027.27,9715.54,9.56
Macbook Air Laptop,EE,4,2.0,50.0,7091.12,3868.8,3222.32,54.56
Macbook Air Laptop,ID,2,2.0,100.0,3330.0,3330.0,0.0,100.0
Samsung Webcam,HU,5,0.0,0.0,306.21,0.0,306.21,0.0
Macbook Air Laptop,EC,3,0.0,0.0,4717.3,0.0,4717.3,0.0
Apple iPhone,PL,5,0.0,0.0,3634.78,0.0,3634.78,0.0
27in 4K gaming monitor,JO,2,1.0,50.0,960.0,480.0,480.0,50.0
Samsung Charging Cable Pack,GP,3,0.0,0.0,70.2,0.0,70.2,0.0
Apple iPhone,AE,3,2.0,66.67,2274.3,1476.3,798.0,64.91
Apple Airpods Headphones,AD,3,0.0,0.0,445.2,0.0,445.2,0.0
Samsung Webcam,RU,3,0.0,0.0,178.62,0.0,178.62,0.0
Apple Airpods Headphones,BB,3,0.0,0.0,504.0,0.0,504.0,0.0
27in 4K gaming monitor,TN,1,0.0,0.0,480.0,0.0,480.0,0.0
Samsung Webcam,KH,2,0.0,0.0,99.96,0.0,99.96,0.0
Samsung Charging Cable Pack,MT,11,0.0,0.0,199.12,0.0,199.12,0.0
Samsung Webcam,HR,2,0.0,0.0,92.55,0.0,92.55,0.0
Apple Airpods Headphones,AO,1,0.0,0.0,168.0,0.0,168.0,0.0
Macbook Air Laptop,VU,3,0.0,0.0,4448.72,0.0,4448.72,0.0
ThinkPad Laptop,LT,1,0.0,0.0,1198.0,0.0,1198.0,0.0
27in 4K gaming monitor,SC,1,0.0,0.0,480.0,0.0,480.0,0.0
27in 4K gaming monitor,BW,1,0.0,0.0,480.0,0.0,480.0,0.0
27in 4K gaming monitor,ZW,4,0.0,0.0,1855.8,0.0,1855.8,0.0
Samsung Webcam,BM,1,0.0,0.0,49.98,0.0,49.98,0.0
Apple Airpods Headphones,HT,1,0.0,0.0,168.0,0.0,168.0,0.0
Samsung Charging Cable Pack,CW,1,0.0,0.0,22.36,0.0,22.36,0.0
Apple Airpods Headphones,AI,1,0.0,0.0,168.0,0.0,168.0,0.0
Apple iPhone,PK,1,0.0,0.0,798.0,0.0,798.0,0.0
Samsung Webcam,TZ,1,0.0,0.0,49.94,0.0,49.94,0.0
ThinkPad Laptop,GH,3,0.0,0.0,3594.0,0.0,3594.0,0.0
Apple Airpods Headphones,AX,1,0.0,0.0,168.64,0.0,168.64,0.0
bose soundsport headphones,AU,1,0.0,0.0,138.26,0.0,138.26,0.0
Macbook Air Laptop,GH,1,0.0,0.0,1800.0,0.0,1800.0,0.0
Samsung Charging Cable Pack,FO,1,0.0,0.0,24.0,0.0,24.0,0.0
Samsung Charging Cable Pack,RW,1,0.0,0.0,24.0,0.0,24.0,0.0
Apple Airpods Headphones,AU,2087,93.0,4.46,294713.07,13292.09,281420.98,4.51
Macbook Air Laptop,CH,48,2.0,4.17,76267.15,3324.46,72942.69,4.36
Apple Airpods Headphones,CA,2152,157.0,7.3,326092.87,23623.95,302468.92,7.24
Apple Airpods Headphones,DK,289,10.0,3.46,51928.54,1811.16,50117.38,3.49
27in 4K gaming monitor,FR,548,20.0,3.65,211673.36,7978.09,203695.27,3.77
Samsung Charging Cable Pack,VN,25,0.0,0.0,569.02,0.0,569.02,0.0
27in 4K gaming monitor,GR,59,3.0,5.08,23454.45,1303.46,22150.99,5.56
Samsung Webcam,NG,24,0.0,0.0,1180.53,0.0,1180.53,0.0
ThinkPad Laptop,BR,90,9.0,10.0,104779.44,10642.08,94137.36,10.16
Macbook Air Laptop,ZA,18,0.0,0.0,31554.26,0.0,31554.26,0.0
Samsung Charging Cable Pack,GU,3,0.0,0.0,51.96,0.0,51.96,0.0
Samsung Webcam,CD,3,0.0,0.0,161.62,0.0,161.62,0.0
Samsung Charging Cable Pack,,78,2.0,2.56,1593.99,46.72,1547.27,2.93
27in 4K gaming monitor,MX,311,13.0,4.18,91034.3,4197.03,86837.27,4.61
Samsung Webcam,SG,21,0.0,0.0,1122.61,0.0,1122.61,0.0
27in 4K gaming monitor,EC,20,0.0,0.0,8943.66,0.0,8943.66,0.0
Macbook Air Laptop,PL,32,0.0,0.0,40546.87,0.0,40546.87,0.0
Apple Airpods Headphones,MA,29,0.0,0.0,4401.93,0.0,4401.93,0.0
Apple Airpods Headphones,LV,29,8.0,27.59,4892.15,1364.15,3528.0,27.88
Macbook Air Laptop,BR,120,15.0,12.5,191517.49,25953.85,165563.64,13.55
Samsung Webcam,PE,20,0.0,0.0,898.74,0.0,898.74,0.0
27in 4K gaming monitor,NZ,170,9.0,5.29,75830.84,4056.0,71774.84,5.35
27in 4K gaming monitor,EE,26,2.0,7.69,10107.22,813.84,9293.38,8.05
Samsung Charging Cable Pack,UY,45,0.0,0.0,836.66,0.0,836.66,0.0
Macbook Air Laptop,CZ,13,1.0,7.69,21681.76,998.46,20683.3,4.61
Apple Airpods Headphones,TW,87,2.0,2.3,14506.44,330.96,14175.48,2.28
Samsung Charging Cable Pack,AR,125,1.0,0.8,2472.05,24.0,2448.05,0.97
Samsung Charging Cable Pack,PY,8,0.0,0.0,152.67,0.0,152.67,0.0
Samsung Charging Cable Pack,EG,64,2.0,3.13,1396.05,48.0,1348.05,3.44
Samsung Webcam,NL,35,1.0,2.86,1940.38,57.55,1882.83,2.97
ThinkPad Laptop,HK,12,3.0,25.0,13788.7,3594.0,10194.7,26.06
27in 4K gaming monitor,LT,5,2.0,40.0,2303.97,960.0,1343.97,41.67
Apple Airpods Headphones,KZ,15,2.0,13.33,2450.36,314.84,2135.52,12.85
Apple Airpods Headphones,ME,3,0.0,0.0,504.0,0.0,504.0,0.0
27in 4K gaming monitor,CR,23,1.0,4.35,10227.97,480.0,9747.97,4.69
27in 4K gaming monitor,NI,3,0.0,0.0,1272.46,0.0,1272.46,0.0
27in 4K gaming monitor,PT,72,1.0,1.39,27087.34,445.79,26641.55,1.65
Samsung Charging Cable Pack,BD,8,0.0,0.0,187.45,0.0,187.45,0.0
Apple Airpods Headphones,LK,18,2.0,11.11,2954.27,327.12,2627.15,11.07
27in 4K gaming monitor,MN,3,1.0,33.33,1281.2,480.0,801.2,37.46
27in 4K gaming monitor,NC,1,0.0,0.0,480.0,0.0,480.0,0.0
Macbook Air Laptop,AE,12,1.0,8.33,20748.22,1800.0,18948.22,8.68
Samsung Charging Cable Pack,KW,15,0.0,0.0,334.62,0.0,334.62,0.0
Samsung Charging Cable Pack,RS,9,0.0,0.0,187.22,0.0,187.22,0.0
Samsung Charging Cable Pack,QA,19,0.0,0.0,347.6,0.0,347.6,0.0
Samsung Charging Cable Pack,PS,2,0.0,0.0,38.22,0.0,38.22,0.0
Apple Airpods Headphones,LB,22,1.0,4.55,3477.51,168.0,3309.51,4.83
Macbook Air Laptop,HK,6,0.0,0.0,9466.14,0.0,9466.14,0.0
Samsung Charging Cable Pack,JE,3,0.0,0.0,62.78,0.0,62.78,0.0
ThinkPad Laptop,CZ,5,0.0,0.0,5620.14,0.0,5620.14,0.0
Samsung Webcam,RO,12,0.0,0.0,652.05,0.0,652.05,0.0
ThinkPad Laptop,ZA,16,2.0,12.5,18859.88,2396.0,16463.88,12.7
Samsung Charging Cable Pack,SL,2,0.0,0.0,13.98,0.0,13.98,0.0
ThinkPad Laptop,CH,15,0.0,0.0,15827.12,0.0,15827.12,0.0
Samsung Webcam,UA,8,0.0,0.0,387.15,0.0,387.15,0.0
Samsung Charging Cable Pack,RE,5,0.0,0.0,109.86,0.0,109.86,0.0
Samsung Webcam,GT,3,0.0,0.0,169.96,0.0,169.96,0.0
Samsung Charging Cable Pack,BO,11,0.0,0.0,198.51,0.0,198.51,0.0
ThinkPad Laptop,PK,7,0.0,0.0,8297.62,0.0,8297.62,0.0
Samsung Charging Cable Pack,BJ,1,0.0,0.0,24.0,0.0,24.0,0.0
Apple Airpods Headphones,BY,17,3.0,17.65,2788.05,504.0,2284.05,18.08
Apple Airpods Headphones,IQ,7,0.0,0.0,1176.0,0.0,1176.0,0.0
Samsung Webcam,TT,8,0.0,0.0,379.84,0.0,379.84,0.0
bose soundsport headphones,PH,1,0.0,0.0,127.49,0.0,127.49,0.0
Samsung Charging Cable Pack,VI,5,0.0,0.0,108.14,0.0,108.14,0.0
ThinkPad Laptop,AE,16,2.0,12.5,19168.0,2396.0,16772.0,12.5
ThinkPad Laptop,PL,22,2.0,9.09,20764.26,1955.14,18809.12,9.42
Apple Airpods Headphones,MM,4,0.0,0.0,640.58,0.0,640.58,0.0
Apple iPhone,NZ,3,1.0,33.33,2137.36,541.36,1596.0,25.33
27in 4K gaming monitor,GH,6,1.0,16.67,2607.22,480.0,2127.22,18.41
ThinkPad Laptop,SV,1,0.0,0.0,1198.0,0.0,1198.0,0.0
27in 4K gaming monitor,PG,3,0.0,0.0,1440.0,0.0,1440.0,0.0
Apple Airpods Headphones,ZM,4,0.0,0.0,667.31,0.0,667.31,0.0
Macbook Air Laptop,JO,1,1.0,100.0,1440.0,1440.0,0.0,100.0
Apple iPhone,FR,4,0.0,0.0,3036.18,0.0,3036.18,0.0
Samsung Charging Cable Pack,LC,1,0.0,0.0,21.7,0.0,21.7,0.0
Apple Airpods Headphones,CI,7,0.0,0.0,1176.0,0.0,1176.0,0.0
ThinkPad Laptop,SX,1,0.0,0.0,718.0,0.0,718.0,0.0
Apple Airpods Headphones,FJ,3,0.0,0.0,504.0,0.0,504.0,0.0
Apple Airpods Headphones,BF,1,0.0,0.0,126.0,0.0,126.0,0.0
Samsung Webcam,BS,1,0.0,0.0,49.98,0.0,49.98,0.0
27in 4K gaming monitor,KN,1,0.0,0.0,384.34,0.0,384.34,0.0
Apple Airpods Headphones,KY,2,1.0,50.0,336.0,168.0,168.0,50.0
Samsung Webcam,BG,1,0.0,0.0,65.12,0.0,65.12,0.0
ThinkPad Laptop,JO,2,0.0,0.0,2096.5,0.0,2096.5,0.0
Apple Airpods Headphones,GG,1,0.0,0.0,160.44,0.0,160.44,0.0
27in 4K gaming monitor,NP,2,0.0,0.0,960.0,0.0,960.0,0.0
Samsung Webcam,SE,12,0.0,0.0,712.41,0.0,712.41,0.0
Samsung Charging Cable Pack,BH,5,2.0,40.0,109.64,48.0,61.64,43.78
27in 4K gaming monitor,GL,2,0.0,0.0,960.0,0.0,960.0,0.0
Apple Airpods Headphones,GY,2,0.0,0.0,336.0,0.0,336.0,0.0
27in 4K gaming monitor,ID,4,0.0,0.0,1831.13,0.0,1831.13,0.0
Macbook Air Laptop,PA,4,3.0,75.0,7352.13,5400.0,1952.13,73.45
ThinkPad Laptop,TN,1,0.0,0.0,1198.0,0.0,1198.0,0.0
27in 4K gaming monitor,BA,2,0.0,0.0,812.8,0.0,812.8,0.0
Apple Airpods Headphones,SD,1,0.0,0.0,168.0,0.0,168.0,0.0
Apple iPhone,MX,2,0.0,0.0,1026.8,0.0,1026.8,0.0
Apple iPhone,EE,1,0.0,0.0,855.64,0.0,855.64,0.0
Apple Airpods Headphones,MG,1,0.0,0.0,168.0,0.0,168.0,0.0
Apple Airpods Headphones,GI,1,0.0,0.0,188.96,0.0,188.96,0.0
27in 4K gaming monitor,BZ,1,0.0,0.0,480.0,0.0,480.0,0.0
Apple Airpods Headphones,SN,1,0.0,0.0,168.0,0.0,168.0,0.0
ThinkPad Laptop,PA,2,1.0,50.0,2396.0,1198.0,1198.0,50.0
Samsung Charging Cable Pack,MK,1,0.0,0.0,24.0,0.0,24.0,0.0
Apple Airpods Headphones,VC,2,0.0,0.0,336.0,0.0,336.0,0.0
Samsung Webcam,MU,2,0.0,0.0,99.96,0.0,99.96,0.0
Apple Airpods Headphones,NL,810,18.0,2.22,122532.83,2771.33,119761.5,2.26
Apple Airpods Headphones,SE,374,19.0,5.08,56907.04,3011.48,53895.56,5.29
Samsung Webcam,CA,307,12.0,3.91,15132.1,595.88,14536.22,3.94
Apple Airpods Headphones,SG,203,14.0,6.9,28052.2,1927.75,26124.45,6.87
Apple Airpods Headphones,PE,138,12.0,8.7,22816.5,2016.0,20800.5,8.84
Samsung Charging Cable Pack,BR,859,14.0,1.63,15863.98,325.86,15538.12,2.05
27in 4K gaming monitor,IL,162,9.0,5.56,78929.53,4684.03,74245.5,5.93
27in 4K gaming monitor,TR,166,5.0,3.01,20813.03,674.12,20138.91,3.24
Apple Airpods Headphones,RO,93,12.0,12.9,15518.56,1975.16,13543.4,12.73
Apple Airpods Headphones,MO,7,0.0,0.0,1080.58,0.0,1080.58,0.0
27in 4K gaming monitor,FI,86,2.0,2.33,34044.44,802.35,33242.09,2.36
Samsung Charging Cable Pack,PL,151,1.0,0.66,2748.45,23.38,2725.07,0.85
Samsung Webcam,AU,370,3.0,0.81,20104.74,168.86,19935.88,0.84
27in 4K gaming monitor,DE,861,41.0,4.76,328628.02,16908.76,311719.26,5.15
27in 4K gaming monitor,IT,302,8.0,2.65,115699.85,3269.26,112430.59,2.83
Apple Airpods Headphones,UA,104,3.0,2.88,17196.41,504.0,16692.41,2.93
Apple Airpods Headphones,BG,32,3.0,9.38,5357.22,504.0,4853.22,9.41
Samsung Charging Cable Pack,HK,53,0.0,0.0,975.96,0.0,975.96,0.0
27in 4K gaming monitor,BE,172,5.0,2.91,67700.7,2117.04,65583.66,3.13
Samsung Charging Cable Pack,AE,109,2.0,1.83,2091.0,48.0,2043.0,2.3
Macbook Air Laptop,AR,16,2.0,12.5,26686.68,3600.0,23086.68,13.49
bose soundsport headphones,US,14,0.0,0.0,1679.72,0.0,1679.72,0.0
Samsung Charging Cable Pack,ZA,98,3.0,3.06,2043.51,69.99,1973.52,3.42
Apple Airpods Headphones,NG,70,3.0,4.29,11788.49,504.0,11284.49,4.28
Macbook Air Laptop,RS,1,0.0,0.0,1800.0,0.0,1800.0,0.0
27in 4K gaming monitor,DO,15,2.0,13.33,7200.0,960.0,6240.0,13.33
Samsung Webcam,DK,14,0.0,0.0,792.15,0.0,792.15,0.0
Samsung Charging Cable Pack,CH,126,2.0,1.59,2593.27,43.49,2549.78,1.68
27in 4K gaming monitor,HN,6,2.0,33.33,2760.0,960.0,1800.0,34.78
Samsung Charging Cable Pack,JO,10,0.0,0.0,225.18,0.0,225.18,0.0
Apple Airpods Headphones,GT,14,0.0,0.0,2279.42,0.0,2279.42,0.0
Samsung Charging Cable Pack,PA,13,0.0,0.0,273.56,0.0,273.56,0.0
Apple Airpods Headphones,BS,6,0.0,0.0,1008.0,0.0,1008.0,0.0
27in 4K gaming monitor,KE,9,0.0,0.0,4197.1,0.0,4197.1,0.0
27in 4K gaming monitor,MT,10,1.0,10.0,3582.06,435.86,3146.2,12.17
Apple Airpods Headphones,MU,3,0.0,0.0,504.0,0.0,504.0,0.0
ThinkPad Laptop,RE,1,0.0,0.0,1198.0,0.0,1198.0,0.0
Samsung Charging Cable Pack,CZ,46,3.0,6.52,1077.56,72.0,1005.56,6.68
Samsung Charging Cable Pack,CM,5,0.0,0.0,93.96,0.0,93.96,0.0
Apple iPhone,IT,6,0.0,0.0,4920.99,0.0,4920.99,0.0
Apple Airpods Headphones,TT,9,1.0,11.11,1470.0,168.0,1302.0,11.43
Apple Airpods Headphones,MV,3,1.0,33.33,504.0,168.0,336.0,33.33
Macbook Air Laptop,EG,11,1.0,9.09,15463.16,1800.0,13663.16,11.64
Apple Airpods Headphones,CN,11,0.0,0.0,1751.9,0.0,1751.9,0.0
bose soundsport headphones,GB,2,0.0,0.0,307.31,0.0,307.31,0.0
27in 4K gaming monitor,UG,5,0.0,0.0,2309.2,0.0,2309.2,0.0
Apple Airpods Headphones,CD,1,0.0,0.0,168.0,0.0,168.0,0.0
Samsung Webcam,KZ,3,0.0,0.0,139.58,0.0,139.58,0.0
ThinkPad Laptop,VN,3,0.0,0.0,3594.0,0.0,3594.0,0.0
Samsung Charging Cable Pack,PK,12,0.0,0.0,274.15,0.0,274.15,0.0
Samsung Webcam,SN,3,0.0,0.0,165.01,0.0,165.01,0.0
Apple Airpods Headphones,KG,5,0.0,0.0,840.0,0.0,840.0,0.0
Apple iPhone,BE,1,0.0,0.0,776.26,0.0,776.26,0.0
Apple Airpods Headphones,GF,1,1.0,100.0,168.0,168.0,0.0,100.0
Samsung Charging Cable Pack,AW,1,0.0,0.0,16.24,0.0,16.24,0.0
Samsung Webcam,CI,4,1.0,25.0,221.45,59.55,161.9,26.89
Macbook Air Laptop,VN,6,0.0,0.0,10384.44,0.0,10384.44,0.0
Samsung Charging Cable Pack,ZW,1,0.0,0.0,24.0,0.0,24.0,0.0
27in 4K gaming monitor,DZ,4,0.0,0.0,1728.0,0.0,1728.0,0.0
ThinkPad Laptop,EG,7,0.0,0.0,8386.0,0.0,8386.0,0.0
Macbook Air Laptop,BD,1,0.0,0.0,1913.29,0.0,1913.29,0.0
Samsung Webcam,LB,1,0.0,0.0,49.98,0.0,49.98,0.0
ThinkPad Laptop,BO,1,0.0,0.0,1198.0,0.0,1198.0,0.0
Macbook Air Laptop,UY,5,3.0,60.0,8448.08,5400.0,3048.08,63.92
Apple Airpods Headphones,MP,1,0.0,0.0,168.0,0.0,168.0,0.0
27in 4K gaming monitor,MZ,4,1.0,25.0,1848.0,480.0,1368.0,25.97
ThinkPad Laptop,KW,4,0.0,0.0,4792.0,0.0,4792.0,0.0
27in 4K gaming monitor,AL,3,2.0,66.67,1440.0,960.0,480.0,66.67
ThinkPad Laptop,AR,7,1.0,14.29,8086.5,1198.0,6888.5,14.81
27in 4K gaming monitor,MC,2,0.0,0.0,960.0,0.0,960.0,0.0
ThinkPad Laptop,UY,1,1.0,100.0,1198.0,1198.0,0.0,100.0
Samsung Charging Cable Pack,GD,1,0.0,0.0,24.0,0.0,24.0,0.0
Macbook Air Laptop,ML,1,0.0,0.0,900.0,0.0,900.0,0.0
Samsung Charging Cable Pack,TN,5,0.0,0.0,120.0,0.0,120.0,0.0
27in 4K gaming monitor,GP,4,0.0,0.0,1920.0,0.0,1920.0,0.0
Apple iPhone,TR,1,0.0,0.0,122.9,0.0,122.9,0.0
ThinkPad Laptop,PS,1,0.0,0.0,1198.0,0.0,1198.0,0.0
Apple Airpods Headphones,GE,6,0.0,0.0,958.79,0.0,958.79,0.0
Samsung Webcam,ZM,2,0.0,0.0,99.96,0.0,99.96,0.0
27in 4K gaming monitor,CW,1,1.0,100.0,480.0,480.0,0.0,100.0
Macbook Air Laptop,MK,2,0.0,0.0,3600.0,0.0,3600.0,0.0
Samsung Webcam,KY,1,0.0,0.0,49.98,0.0,49.98,0.0
Apple iPhone,DE,5,0.0,0.0,3877.74,0.0,3877.74,0.0
Apple Airpods Headphones,MQ,5,0.0,0.0,840.0,0.0,840.0,0.0
Samsung Charging Cable Pack,BW,1,0.0,0.0,24.0,0.0,24.0,0.0
Samsung Webcam,MA,3,0.0,0.0,59.56,0.0,59.56,0.0
27in 4K gaming monitor,PF,1,0.0,0.0,480.0,0.0,480.0,0.0
Macbook Air Laptop,KW,2,0.0,0.0,3600.0,0.0,3600.0,0.0
ThinkPad Laptop,BD,5,0.0,0.0,6107.26,0.0,6107.26,0.0
Macbook Air Laptop,VI,1,0.0,0.0,1530.0,0.0,1530.0,0.0
Samsung Webcam,TW,4,0.0,0.0,215.32,0.0,215.32,0.0
Samsung Webcam,BF,1,0.0,0.0,50.14,0.0,50.14,0.0
ThinkPad Laptop,TC,1,0.0,0.0,1198.0,0.0,1198.0,0.0
ThinkPad Laptop,RS,1,0.0,0.0,1198.0,0.0,1198.0,0.0
Samsung Webcam,LK,1,0.0,0.0,49.98,0.0,49.98,0.0
Samsung Webcam,BY,2,0.0,0.0,100.96,0.0,100.96,0.0
ThinkPad Laptop,BJ,2,0.0,0.0,2396.0,0.0,2396.0,0.0
Macbook Air Laptop,RE,1,0.0,0.0,1530.0,0.0,1530.0,0.0
Samsung Charging Cable Pack,SV,1,0.0,0.0,24.0,0.0,24.0,0.0
Samsung Charging Cable Pack,AU,1109,10.0,0.9,18605.64,148.48,18457.16,0.8
27in 4K gaming monitor,US,10877,739.0,6.79,4754511.27,334444.15,4420067.12,7.03
27in 4K gaming monitor,GB,1803,145.0,8.04,804003.65,68669.81,735333.84,8.54
Samsung Charging Cable Pack,CA,968,18.0,1.86,17655.04,332.18,17322.86,1.88
Samsung Charging Cable Pack,DK,94,0.0,0.0,2194.9,0.0,2194.9,0.0
Samsung Charging Cable Pack,TW,35,0.0,0.0,794.46,0.0,794.46,0.0
27in 4K gaming monitor,JP,829,21.0,2.53,331320.77,8705.02,322615.75,2.63
Apple Airpods Headphones,EG,80,2.0,2.5,12746.03,336.0,12410.03,2.64
Samsung Charging Cable Pack,LB,9,0.0,0.0,201.61,0.0,201.61,0.0
27in 4K gaming monitor,HU,38,5.0,13.16,16603.38,2592.0,14011.38,15.61
Apple Airpods Headphones,AR,215,21.0,9.77,34707.0,3518.9,31188.1,10.14
27in 4K gaming monitor,CL,111,3.0,2.7,50184.53,1440.0,48744.53,2.87
27in 4K gaming monitor,NO,149,3.0,2.01,62119.26,1196.79,60922.47,1.93
Apple Airpods Headphones,VN,57,0.0,0.0,9389.17,0.0,9389.17,0.0
Macbook Air Laptop,SG,23,5.0,21.74,33279.83,6582.61,26697.22,19.78
Apple Airpods Headphones,RS,29,0.0,0.0,4963.36,0.0,4963.36,0.0
Samsung Webcam,BR,299,8.0,2.68,11995.77,283.54,11712.23,2.36
Macbook Air Laptop,NL,74,7.0,9.46,131304.48,12770.98,118533.5,9.73
Apple Airpods Headphones,BD,18,1.0,5.56,3021.6,168.0,2853.6,5.56
27in 4K gaming monitor,RU,111,3.0,2.7,44903.71,1243.44,43660.27,2.77
Apple Airpods Headphones,BJ,3,0.0,0.0,504.0,0.0,504.0,0.0
Samsung Webcam,CH,33,0.0,0.0,1854.72,0.0,1854.72,0.0
Apple Airpods Headphones,VI,3,2.0,66.67,503.98,335.98,168.0,66.67
ThinkPad Laptop,NL,42,6.0,14.29,43769.12,6575.08,37194.04,15.02
27in 4K gaming monitor,CO,89,8.0,8.99,41460.7,3585.06,37875.64,8.65
Samsung Webcam,ZA,40,4.0,10.0,2198.31,232.72,1965.59,10.59
27in 4K gaming monitor,UZ,4,0.0,0.0,1751.14,0.0,1751.14,0.0
Samsung Charging Cable Pack,LK,27,0.0,0.0,607.81,0.0,607.81,0.0
Samsung Webcam,HK,4,0.0,0.0,203.1,0.0,203.1,0.0
27in 4K gaming monitor,IS,21,1.0,4.76,8753.8,480.0,8273.8,5.48
Samsung Charging Cable Pack,KZ,17,0.0,0.0,397.21,0.0,397.21,0.0
Apple Airpods Headphones,,50,1.0,2.0,7702.97,164.74,7538.23,2.14
Apple iPhone,US,125,11.0,8.8,93545.94,8370.38,85175.56,8.95
27in 4K gaming monitor,MD,4,1.0,25.0,1920.0,480.0,1440.0,25.0
Samsung Webcam,PK,2,0.0,0.0,105.19,0.0,105.19,0.0
Samsung Charging Cable Pack,BY,9,0.0,0.0,201.37,0.0,201.37,0.0
Macbook Air Laptop,SE,44,7.0,15.91,65025.66,10767.95,54257.71,16.56
Apple Airpods Headphones,BO,13,0.0,0.0,2116.8,0.0,2116.8,0.0
27in 4K gaming monitor,HR,15,1.0,6.67,6368.08,480.0,5888.08,7.54
Samsung Webcam,AE,43,0.0,0.0,2245.12,0.0,2245.12,0.0
Apple Airpods Headphones,UY,22,4.0,18.18,3618.11,652.05,2966.06,18.02
27in 4K gaming monitor,SI,17,2.0,11.76,6462.09,813.87,5648.22,12.59
Macbook Air Laptop,RO,16,2.0,12.5,25771.22,3600.0,22171.22,13.97
Samsung Webcam,PL,14,1.0,7.14,808.79,57.64,751.15,7.13
Apple Airpods Headphones,PS,3,0.0,0.0,504.0,0.0,504.0,0.0
27in 4K gaming monitor,PR,25,2.0,8.0,11101.28,864.0,10237.28,7.78
27in 4K gaming monitor,JM,7,0.0,0.0,3007.4,0.0,3007.4,0.0
Samsung Charging Cable Pack,KY,1,0.0,0.0,24.0,0.0,24.0,0.0
Apple Airpods Headphones,SL,1,0.0,0.0,168.0,0.0,168.0,0.0
27in 4K gaming monitor,MY,36,2.0,5.56,16442.62,960.0,15482.62,5.84
27in 4K gaming monitor,SA,22,2.0,9.09,9892.96,864.0,9028.96,8.73
ThinkPad Laptop,NG,4,0.0,0.0,4792.0,0.0,4792.0,0.0
Samsung Charging Cable Pack,MA,13,0.0,0.0,268.1,0.0,268.1,0.0
27in 4K gaming monitor,VE,8,0.0,0.0,2975.97,0.0,2975.97,0.0
Macbook Air Laptop,PE,13,2.0,15.38,20206.8,3330.0,16876.8,16.48
Samsung Charging Cable Pack,MM,6,0.0,0.0,123.86,0.0,123.86,0.0
ThinkPad Laptop,PE,18,3.0,16.67,21216.3,3426.0,17790.3,16.15
ThinkPad Laptop,RO,7,1.0,14.29,8386.0,1198.0,7188.0,14.29
Apple Airpods Headphones,QA,16,0.0,0.0,2669.9,0.0,2669.9,0.0
27in 4K gaming monitor,AZ,7,0.0,0.0,3192.0,0.0,3192.0,0.0
ThinkPad Laptop,SE,26,0.0,0.0,27206.42,0.0,27206.42,0.0
Macbook Air Laptop,VG,2,1.0,50.0,3527.08,1727.08,1800.0,48.97
Apple Airpods Headphones,KW,15,0.0,0.0,2467.58,0.0,2467.58,0.0
Samsung Charging Cable Pack,LV,10,0.0,0.0,229.25,0.0,229.25,0.0
27in 4K gaming monitor,TZ,10,0.0,0.0,4389.44,0.0,4389.44,0.0
ThinkPad Laptop,SG,13,3.0,23.08,13296.94,3209.51,10087.43,24.14
Samsung Charging Cable Pack,IQ,6,0.0,0.0,144.0,0.0,144.0,0.0
Apple iPhone,CL,3,0.0,0.0,2394.0,0.0,2394.0,0.0
Apple Airpods Headphones,PY,16,0.0,0.0,2563.71,0.0,2563.71,0.0
Apple iPhone,GB,12,1.0,8.33,9571.79,741.11,8830.68,7.74
Apple Airpods Headphones,JE,8,1.0,12.5,1331.09,168.99,1162.1,12.7
Samsung Charging Cable Pack,ME,4,0.0,0.0,81.72,0.0,81.72,0.0
Samsung Webcam,AW,2,0.0,0.0,99.96,0.0,99.96,0.0
ThinkPad Laptop,BG,2,1.0,50.0,2396.0,1198.0,1198.0,50.0
27in 4K gaming monitor,SO,2,0.0,0.0,960.0,0.0,960.0,0.0
Macbook Air Laptop,UA,9,0.0,0.0,15162.04,0.0,15162.04,0.0
Apple Airpods Headphones,IM,5,2.0,40.0,863.6,355.55,508.05,41.17
Apple iPhone,NO,3,0.0,0.0,2299.79,0.0,2299.79,0.0
Samsung Webcam,GD,1,0.0,0.0,49.98,0.0,49.98,0.0
ThinkPad Laptop,UA,6,1.0,16.67,6867.71,1198.0,5669.71,17.44
Samsung Webcam,PA,8,0.0,0.0,419.86,0.0,419.86,0.0
Samsung Charging Cable Pack,GI,1,0.0,0.0,22.48,0.0,22.48,0.0
Samsung Webcam,JO,2,0.0,0.0,49.98,0.0,49.98,0.0
Apple Airpods Headphones,MK,7,1.0,14.29,1176.0,168.0,1008.0,14.29
Samsung Charging Cable Pack,SN,1,0.0,0.0,24.0,0.0,24.0,0.0
Apple Airpods Headphones,RE,12,0.0,0.0,1885.48,0.0,1885.48,0.0
27in 4K gaming monitor,KH,4,0.0,0.0,1560.0,0.0,1560.0,0.0
Samsung Webcam,SV,3,0.0,0.0,149.94,0.0,149.94,0.0
Apple Airpods Headphones,TC,1,0.0,0.0,168.0,0.0,168.0,0.0
ThinkPad Laptop,MU,1,0.0,0.0,1018.3,0.0,1018.3,0.0
ThinkPad Laptop,GT,2,0.0,0.0,2396.0,0.0,2396.0,0.0
Macbook Air Laptop,NG,4,0.0,0.0,6260.62,0.0,6260.62,0.0
Apple Airpods Headphones,GU,3,0.0,0.0,504.0,0.0,504.0,0.0
Samsung Webcam,CZ,6,0.0,0.0,339.68,0.0,339.68,0.0
Apple iPhone,JP,1,0.0,0.0,843.24,0.0,843.24,0.0
Samsung Webcam,CM,2,0.0,0.0,99.96,0.0,99.96,0.0
27in 4K gaming monitor,BM,3,0.0,0.0,1440.0,0.0,1440.0,0.0
Macbook Air Laptop,BS,1,0.0,0.0,1800.0,0.0,1800.0,0.0
Samsung Webcam,TN,4,0.0,0.0,199.92,0.0,199.92,0.0
bose soundsport headphones,IT,2,0.0,0.0,306.7,0.0,306.7,0.0
Samsung Charging Cable Pack,CI,1,0.0,0.0,24.0,0.0,24.0,0.0
Samsung Charging Cable Pack,ZM,1,0.0,0.0,13.98,0.0,13.98,0.0
Apple Airpods Headphones,BH,2,0.0,0.0,332.48,0.0,332.48,0.0
Apple iPhone,RU,7,0.0,0.0,4563.32,0.0,4563.32,0.0
Apple iPhone,MY,1,0.0,0.0,598.5,0.0,598.5,0.0
Samsung Charging Cable Pack,GG,1,0.0,0.0,25.67,0.0,25.67,0.0
ThinkPad Laptop,GF,1,0.0,0.0,1198.0,0.0,1198.0,0.0
Apple iPhone,SI,3,0.0,0.0,2506.92,0.0,2506.92,0.0
Apple Airpods Headphones,ZW,11,0.0,0.0,1831.2,0.0,1831.2,0.0
ThinkPad Laptop,AU,131,19.0,14.5,117526.56,17583.68,99942.88,14.96
27in 4K gaming monitor,ES,465,21.0,4.52,179998.2,8937.37,171060.83,4.97
Apple Airpods Headphones,SC,4,0.0,0.0,672.0,0.0,672.0,0.0
Macbook Air Laptop,CA,166,27.0,16.27,265385.53,42474.14,222911.39,16.0
ThinkPad Laptop,CA,136,29.0,21.32,131677.76,28320.73,103357.03,21.51
27in 4K gaming monitor,IE,145,11.0,7.59,56525.82,4656.47,51869.35,8.24
Apple iPhone,SK,1,0.0,0.0,798.0,0.0,798.0,0.0
Apple Airpods Headphones,BR,1016,59.0,5.81,167385.63,9886.8,157498.83,5.91
Samsung Charging Cable Pack,NL,224,1.0,0.45,4572.72,22.22,4550.5,0.49
27in 4K gaming monitor,PH,55,8.0,14.55,24813.1,3785.25,21027.85,15.26
Apple Airpods Headphones,HK,189,7.0,3.7,31358.11,1176.0,30182.11,3.75
Samsung Charging Cable Pack,NG,52,1.0,1.92,1086.37,24.0,1062.37,2.21
Samsung Charging Cable Pack,PE,84,1.0,1.19,1959.68,24.0,1935.68,1.22
Samsung Charging Cable Pack,UA,81,0.0,0.0,1720.56,0.0,1720.56,0.0
Apple Airpods Headphones,PL,261,17.0,6.51,34556.34,2349.09,32207.25,6.8
Samsung Charging Cable Pack,AG,1,0.0,0.0,13.98,0.0,13.98,0.0
Apple Airpods Headphones,AE,125,5.0,4.0,20613.96,804.0,19809.96,3.9
Samsung Webcam,EG,23,1.0,4.35,1197.07,52.24,1144.83,4.36
27in 4K gaming monitor,KR,223,14.0,6.28,89588.32,5949.44,83638.88,6.64
27in 4K gaming monitor,IN,232,25.0,10.78,103104.95,11863.96,91240.99,11.51
Apple Airpods Headphones,CH,533,11.0,2.06,76006.5,1522.9,74483.6,2.0
27in 4K gaming monitor,TH,81,4.0,4.94,36310.02,1912.83,34397.19,5.27
Samsung Charging Cable Pack,SE,120,1.0,0.83,2416.46,21.43,2395.03,0.89
Apple Airpods Headphones,SV,10,0.0,0.0,1680.0,0.0,1680.0,0.0
Apple Airpods Headphones,CZ,134,5.0,3.73,22116.78,802.84,21313.94,3.63
Samsung Charging Cable Pack,TT,7,0.0,0.0,157.92,0.0,157.92,0.0
27in 4K gaming monitor,AT,142,8.0,5.63,55262.86,3404.82,51858.04,6.16
Samsung Webcam,AR,58,2.0,3.45,2882.52,99.96,2782.56,3.47
27in 4K gaming monitor,SK,31,2.0,6.45,12196.55,861.57,11334.98,7.06
Samsung Charging Cable Pack,RO,48,0.0,0.0,1026.14,0.0,1026.14,0.0
Apple Airpods Headphones,PK,27,1.0,3.7,4329.39,168.0,4161.39,3.88
ThinkPad Laptop,DK,22,2.0,9.09,25258.57,2249.64,23008.93,8.91
Macbook Air Laptop,DK,41,2.0,4.88,66010.68,3912.86,62097.82,5.93
Macbook Air Laptop,AU,109,14.0,12.84,155651.67,18383.63,137268.04,11.81
Apple Airpods Headphones,ZA,166,10.0,6.02,27678.77,1703.48,25975.29,6.15
27in 4K gaming monitor,BB,5,1.0,20.0,2400.0,480.0,1920.0,20.0
Apple iPhone,IN,14,1.0,7.14,10334.1,678.3,9655.8,6.56
Samsung Charging Cable Pack,BS,8,0.0,0.0,170.0,0.0,170.0,0.0
Samsung Webcam,QA,6,0.0,0.0,311.24,0.0,311.24,0.0
Samsung Charging Cable Pack,SG,59,6.0,10.17,1193.8,137.38,1056.42,11.51
Samsung Webcam,KW,13,0.0,0.0,649.74,0.0,649.74,0.0
27in 4K gaming monitor,HT,2,0.0,0.0,941.6,0.0,941.6,0.0
Samsung Webcam,,19,2.0,10.53,929.13,98.18,830.95,10.57
27in 4K gaming monitor,LU,9,1.0,11.11,3590.6,302.13,3288.47,8.41
Samsung Charging Cable Pack,MU,5,0.0,0.0,120.0,0.0,120.0,0.0
27in 4K gaming monitor,CY,11,2.0,18.18,4321.73,871.72,3450.01,20.17
Apple Airpods Headphones,CM,4,0.0,0.0,672.0,0.0,672.0,0.0
Macbook Air Laptop,TW,11,1.0,9.09,16080.01,1784.68,14295.33,11.1
ThinkPad Laptop,MA,3,0.0,0.0,3594.0,0.0,3594.0,0.0
Samsung Webcam,BO,4,0.0,0.0,98.81,0.0,98.81,0.0
Apple iPhone,KR,8,2.0,25.0,5758.78,1274.38,4484.4,22.13
Samsung Webcam,GU,5,0.0,0.0,249.9,0.0,249.9,0.0
Apple iPhone,AT,8,0.0,0.0,6395.5,0.0,6395.5,0.0
ThinkPad Laptop,ZM,2,1.0,50.0,2396.0,1198.0,1198.0,50.0
Apple Airpods Headphones,PA,28,0.0,0.0,4676.78,0.0,4676.78,0.0
Samsung Webcam,UY,8,0.0,0.0,399.84,0.0,399.84,0.0
Samsung Webcam,ML,2,0.0,0.0,103.8,0.0,103.8,0.0
27in 4K gaming monitor,GN,3,0.0,0.0,1440.0,0.0,1440.0,0.0
ThinkPad Laptop,TW,9,0.0,0.0,10852.23,0.0,10852.23,0.0
Samsung Charging Cable Pack,BG,9,0.0,0.0,202.93,0.0,202.93,0.0
Samsung Charging Cable Pack,GT,9,0.0,0.0,205.98,0.0,205.98,0.0
Samsung Charging Cable Pack,MQ,3,0.0,0.0,51.79,0.0,51.79,0.0
Apple Airpods Headphones,JO,14,1.0,7.14,2242.8,134.4,2108.4,5.99
Macbook Air Laptop,LB,3,0.0,0.0,4051.5,0.0,4051.5,0.0
Apple iPhone,PH,2,0.0,0.0,1596.0,0.0,1596.0,0.0
27in 4K gaming monitor,CK,1,0.0,0.0,480.0,0.0,480.0,0.0
Samsung Webcam,RS,3,0.0,0.0,111.6,0.0,111.6,0.0
Samsung Charging Cable Pack,CN,3,0.0,0.0,69.41,0.0,69.41,0.0
Apple iPhone,IE,3,0.0,0.0,2359.73,0.0,2359.73,0.0
ThinkPad Laptop,SN,1,0.0,0.0,1198.0,0.0,1198.0,0.0
bose soundsport headphones,MX,1,0.0,0.0,101.98,0.0,101.98,0.0
Samsung Charging Cable Pack,MR,1,0.0,0.0,13.98,0.0,13.98,0.0
Apple Airpods Headphones,TN,10,0.0,0.0,1617.6,0.0,1617.6,0.0
27in 4K gaming monitor,AD,2,1.0,50.0,688.88,360.7,328.18,52.36
Samsung Charging Cable Pack,MO,2,0.0,0.0,37.3,0.0,37.3,0.0
Samsung Webcam,PY,3,0.0,0.0,149.94,0.0,149.94,0.0
27in 4K gaming monitor,AM,3,0.0,0.0,1440.0,0.0,1440.0,0.0
Apple iPhone,TH,2,0.0,0.0,1140.76,0.0,1140.76,0.0
ThinkPad Laptop,KZ,1,0.0,0.0,1198.0,0.0,1198.0,0.0
Apple Airpods Headphones,MH,2,0.0,0.0,240.52,0.0,240.52,0.0
Macbook Air Laptop,SD,1,0.0,0.0,502.84,0.0,502.84,0.0
Samsung Charging Cable Pack,GE,2,0.0,0.0,41.18,0.0,41.18,0.0
ThinkPad Laptop,LK,2,0.0,0.0,2396.0,0.0,2396.0,0.0
Macbook Air Laptop,LV,2,0.0,0.0,3420.0,0.0,3420.0,0.0
Apple iPhone,ES,3,0.0,0.0,2349.25,0.0,2349.25,0.0
27in 4K gaming monitor,OM,2,0.0,0.0,960.0,0.0,960.0,0.0
Samsung Charging Cable Pack,MV,2,0.0,0.0,37.1,0.0,37.1,0.0
Apple Airpods Headphones,BW,1,1.0,100.0,168.0,168.0,0.0,100.0
27in 4K gaming monitor,EU,3,2.0,66.67,1410.37,960.0,450.37,68.07
Samsung Charging Cable Pack,CD,1,0.0,0.0,24.0,0.0,24.0,0.0
Macbook Air Laptop,LK,1,0.0,0.0,1800.0,0.0,1800.0,0.0
Macbook Air Laptop,KZ,1,0.0,0.0,1800.0,0.0,1800.0,0.0
Samsung Webcam,BH,2,0.0,0.0,103.96,0.0,103.96,0.0
Samsung Webcam,JE,2,0.0,0.0,131.96,0.0,131.96,0.0
bose soundsport headphones,GH,1,0.0,0.0,119.98,0.0,119.98,0.0
Samsung Webcam,VN,3,0.0,0.0,146.61,0.0,146.61,0.0
ThinkPad Laptop,CI,1,0.0,0.0,1198.0,0.0,1198.0,0.0
Samsung Webcam,SL,1,0.0,0.0,49.98,0.0,49.98,0.0
Macbook Air Laptop,JP,261,17.0,6.51,392087.18,27840.06,364247.12,7.1
Samsung Charging Cable Pack,IE,199,3.0,1.51,3687.23,57.83,3629.4,1.57
Apple Airpods Headphones,DE,1907,54.0,2.83,291128.87,8338.55,282790.32,2.86
Macbook Air Laptop,US,1796,222.0,12.36,2867960.29,364846.08,2503114.21,12.72
Macbook Air Laptop,NO,40,1.0,2.5,59579.06,527.75,59051.31,0.89
Samsung Charging Cable Pack,IN,310,6.0,1.94,6793.43,122.96,6670.47,1.81
Apple Airpods Headphones,TR,256,3.0,1.17,12212.1,150.57,12061.53,1.23
Apple Airpods Headphones,BE,326,7.0,2.15,49838.64,1102.17,48736.47,2.21
Samsung Charging Cable Pack,ES,443,6.0,1.35,8471.88,129.36,8342.52,1.53
27in 4K gaming monitor,NL,403,11.0,2.73,154264.45,4314.75,149949.7,2.8
Apple Airpods Headphones,FI,157,8.0,5.1,24047.99,1224.45,22823.54,5.09
ThinkPad Laptop,US,1236,160.0,12.94,1430629.3,185002.22,1245627.08,12.93
Apple Airpods Headphones,IL,388,15.0,3.87,74125.3,2813.47,71311.83,3.8
Apple Airpods Headphones,IT,711,17.0,2.39,107541.52,2636.95,104904.57,2.45
Samsung Webcam,NZ,31,0.0,0.0,1752.04,0.0,1752.04,0.0
Samsung Webcam,MX,221,3.0,1.36,10552.65,145.64,10407.01,1.38
27in 4K gaming monitor,SG,102,8.0,7.84,41156.22,3298.05,37858.17,8.01
Samsung Charging Cable Pack,TH,50,0.0,0.0,1148.19,0.0,1148.19,0.0
Samsung Charging Cable Pack,OM,3,0.0,0.0,72.0,0.0,72.0,0.0
27in 4K gaming monitor,SE,228,5.0,2.19,95742.94,2246.11,93496.83,2.35
Samsung Webcam,FR,88,3.0,3.41,4822.76,184.8,4637.96,3.83
ThinkPad Laptop,NO,26,5.0,19.23,28062.91,5459.78,22603.13,19.46
ThinkPad Laptop,CL,20,0.0,0.0,23840.2,0.0,23840.2,0.0
Macbook Air Laptop,HU,11,0.0,0.0,18338.94,0.0,18338.94,0.0
Apple Airpods Headphones,KE,18,0.0,0.0,2967.74,0.0,2967.74,0.0
27in 4K gaming monitor,RO,46,6.0,13.04,20980.22,2712.46,18267.76,12.93
ThinkPad Laptop,GB,191,32.0,16.75,227169.53,38603.22,188566.31,16.99
ThinkPad Laptop,JP,125,4.0,3.2,129703.57,4225.54,125478.03,3.26
Macbook Air Laptop,GB,164,26.0,15.85,317564.95,52019.39,265545.56,16.38
Macbook Air Laptop,RU,22,2.0,9.09,31300.31,3089.61,28210.7,9.87
Macbook Air Laptop,CO,28,0.0,0.0,47818.1,0.0,47818.1,0.0
Samsung Charging Cable Pack,KR,169,5.0,2.96,3512.3,109.11,3403.19,3.11
Samsung Charging Cable Pack,SK,21,0.0,0.0,462.28,0.0,462.28,0.0
Macbook Air Laptop,CL,15,1.0,6.67,25940.22,1530.0,24410.22,5.9
Samsung Charging Cable Pack,PH,57,0.0,0.0,1177.47,0.0,1177.47,0.0
27in 4K gaming monitor,PE,70,4.0,5.71,32228.11,1920.0,30308.11,5.96
Samsung Charging Cable Pack,AT,52,1.0,1.92,1108.17,22.1,1086.07,1.99
27in 4K gaming monitor,AG,1,1.0,100.0,480.0,480.0,0.0,100.0
27in 4K gaming monitor,NG,39,1.0,2.56,17744.85,480.0,17264.85,2.71
Samsung Webcam,ID,2,0.0,0.0,101.85,0.0,101.85,0.0
Apple iPhone,UA,5,0.0,0.0,3924.26,0.0,3924.26,0.0
Apple Airpods Headphones,AL,7,0.0,0.0,1210.57,0.0,1210.57,0.0
Samsung Webcam,NC,1,0.0,0.0,57.3,0.0,57.3,0.0
27in 4K gaming monitor,BG,10,0.0,0.0,4804.23,0.0,4804.23,0.0
27in 4K gaming monitor,CD,3,0.0,0.0,1152.94,0.0,1152.94,0.0
27in 4K gaming monitor,UA,28,2.0,7.14,12410.58,960.0,11450.58,7.74
Samsung Webcam,NI,6,0.0,0.0,300.54,0.0,300.54,0.0
27in 4K gaming monitor,BS,4,0.0,0.0,1837.84,0.0,1837.84,0.0
Macbook Air Laptop,SA,5,0.0,0.0,8814.16,0.0,8814.16,0.0
ThinkPad Laptop,PR,3,0.0,0.0,3594.0,0.0,3594.0,0.0
Samsung Webcam,PT,28,0.0,0.0,1537.98,0.0,1537.98,0.0
Macbook Air Laptop,MY,10,3.0,30.0,17390.3,5040.0,12350.3,28.98
ThinkPad Laptop,CO,16,0.0,0.0,19015.18,0.0,19015.18,0.0
Apple Airpods Headphones,FO,4,0.0,0.0,672.0,0.0,672.0,0.0
Macbook Air Laptop,HR,6,0.0,0.0,8857.64,0.0,8857.64,0.0
27in 4K gaming monitor,GT,7,1.0,14.29,3092.12,480.0,2612.12,15.52
Apple Airpods Headphones,HN,13,0.0,0.0,2184.0,0.0,2184.0,0.0
27in 4K gaming monitor,MP,3,0.0,0.0,1418.0,0.0,1418.0,0.0
27in 4K gaming monitor,MV,1,0.0,0.0,480.0,0.0,480.0,0.0
Apple Airpods Headphones,DO,21,1.0,4.76,3377.76,168.0,3209.76,4.97
Samsung Webcam,CR,9,0.0,0.0,465.41,0.0,465.41,0.0
Macbook Air Laptop,JM,2,0.0,0.0,3147.76,0.0,3147.76,0.0
ThinkPad Laptop,RU,14,4.0,28.57,15239.18,4332.07,10907.11,28.43
Samsung Webcam,EC,15,0.0,0.0,749.7,0.0,749.7,0.0
27in 4K gaming monitor,MU,2,0.0,0.0,889.29,0.0,889.29,0.0
ThinkPad Laptop,SI,4,0.0,0.0,4123.83,0.0,4123.83,0.0
Macbook Air Laptop,SI,3,0.0,0.0,5025.57,0.0,5025.57,0.0
Samsung Charging Cable Pack,AI,1,0.0,0.0,13.98,0.0,13.98,0.0
Samsung Webcam,GL,1,0.0,0.0,60.09,0.0,60.09,0.0
ThinkPad Laptop,MY,4,1.0,25.0,4295.12,958.4,3336.72,22.31
Apple Airpods Headphones,GP,4,0.0,0.0,672.0,0.0,672.0,0.0
Apple Airpods Headphones,MT,17,1.0,5.88,2537.59,160.34,2377.25,6.32
Samsung Webcam,GH,8,0.0,0.0,149.94,0.0,149.94,0.0
Apple iPhone,SG,3,0.0,0.0,2001.99,0.0,2001.99,0.0
Samsung Webcam,EE,1,0.0,0.0,57.63,0.0,57.63,0.0
ThinkPad Laptop,SA,6,1.0,16.67,6828.6,1198.0,5630.6,17.54
Apple Airpods Headphones,MZ,5,0.0,0.0,840.0,0.0,840.0,0.0
ThinkPad Laptop,UZ,1,0.0,0.0,1018.3,0.0,1018.3,0.0
Samsung Webcam,LT,7,0.0,0.0,391.34,0.0,391.34,0.0
Macbook Air Laptop,PR,9,0.0,0.0,14514.36,0.0,14514.36,0.0
Apple Airpods Headphones,PF,3,0.0,0.0,494.81,0.0,494.81,0.0
Samsung Charging Cable Pack,CY,9,0.0,0.0,177.9,0.0,177.9,0.0
27in 4K gaming monitor,CN,5,0.0,0.0,2148.02,0.0,2148.02,0.0
Samsung Charging Cable Pack,AM,4,0.0,0.0,91.42,0.0,91.42,0.0
ThinkPad Laptop,HR,3,0.0,0.0,3594.0,0.0,3594.0,0.0
Apple iPhone,RO,2,0.0,0.0,1295.56,0.0,1295.56,0.0
27in 4K gaming monitor,BT,1,0.0,0.0,480.0,0.0,480.0,0.0
Samsung Charging Cable Pack,HT,2,0.0,0.0,48.0,0.0,48.0,0.0
Samsung Webcam,GR,9,0.0,0.0,485.92,0.0,485.92,0.0
Samsung Webcam,PG,2,0.0,0.0,99.96,0.0,99.96,0.0
Macbook Air Laptop,IS,4,0.0,0.0,5318.7,0.0,5318.7,0.0
Samsung Charging Cable Pack,LU,3,0.0,0.0,61.91,0.0,61.91,0.0
ThinkPad Laptop,HU,7,0.0,0.0,7595.86,0.0,7595.86,0.0
Apple Airpods Headphones,UG,4,0.0,0.0,632.14,0.0,632.14,0.0
Samsung Charging Cable Pack,AD,2,0.0,0.0,48.0,0.0,48.0,0.0
Apple Airpods Headphones,CW,2,1.0,50.0,336.0,168.0,168.0,50.0
27in 4K gaming monitor,TT,3,0.0,0.0,1345.18,0.0,1345.18,0.0
ThinkPad Laptop,AZ,2,0.0,0.0,2396.0,0.0,2396.0,0.0
Apple Airpods Headphones,MC,5,0.0,0.0,820.05,0.0,820.05,0.0
27in 4K gaming monitor,GE,8,1.0,12.5,3777.48,480.0,3297.48,12.71
27in 4K gaming monitor,MO,5,2.0,40.0,2160.0,960.0,1200.0,44.44
Macbook Air Laptop,VE,2,0.0,0.0,3600.0,0.0,3600.0,0.0
27in 4K gaming monitor,KG,1,0.0,0.0,480.0,0.0,480.0,0.0
Apple iPhone,SE,1,0.0,0.0,805.62,0.0,805.62,0.0
27in 4K gaming monitor,MQ,4,0.0,0.0,1826.57,0.0,1826.57,0.0
Samsung Charging Cable Pack,AP,3,0.0,0.0,72.0,0.0,72.0,0.0
Samsung Charging Cable Pack,BN,2,0.0,0.0,27.04,0.0,27.04,0.0
Samsung Charging Cable Pack,LA,1,0.0,0.0,24.0,0.0,24.0,0.0
Samsung Charging Cable Pack,BB,1,0.0,0.0,24.0,0.0,24.0,0.0
Macbook Air Laptop,KH,1,0.0,0.0,1800.0,0.0,1800.0,0.0
ThinkPad Laptop,KH,2,0.0,0.0,2396.0,0.0,2396.0,0.0
ThinkPad Laptop,CV,1,0.0,0.0,1198.0,0.0,1198.0,0.0
Samsung Charging Cable Pack,EU,1,0.0,0.0,21.46,0.0,21.46,0.0
Apple Airpods Headphones,LI,2,0.0,0.0,336.0,0.0,336.0,0.0
